ceratophrys ornata,0,SNTS,species,,,No Valid Country Found,No Valid Country Found,
ceratophrys sp,1,3KV4,Genus Matched. Species not found,,,No Valid Country Found,No Valid Country Found,ceratophrys sp
adelphobates galactonotus,2,9YN4,species,,,No Valid Country Found,No Valid Country Found,
adelphobates galactonotus,3,9YN4,species,,,No Valid Country Found,No Valid Country Found,
dendrobates auratus sp,4,34M7L,species,,Middle America,No Valid Country Found,No Valid Country Found,
"dendrobates auratus sp ""pena blanca""",5,34M7L,species,,Middle America,No Valid Country Found,No Valid Country Found,
"dendrobates auratus sp ""birkhahn""",6,34M7L,species,,Middle America,No Valid Country Found,No Valid Country Found,
"dendrobates auratus sp ""colombian yellow capurgana""",7,34M7L,species,,Middle America,No Valid Country Found,No Valid Country Found,
"dendrobates auratus sp ""super blue""",8,34M7L,species,,Middle America,No Valid Country Found,No Valid Country Found,
"dendrobates auratus sp ""microspot""",9,34M7L,species,,Middle America,No Valid Country Found,No Valid Country Found,
"dendrobates leucomelas sp ""bumblebee""",10,34M8X,species,,,No Valid Country Found,No Valid Country Found,
"dendrobates leucomelas sp ""yellow banded""",11,34M8X,species,,,No Valid Country Found,No Valid Country Found,
"dendrobates tinctorius sp ""azureus""",12,6CJSY,species,,,No Valid Country Found,No Valid Country Found,
"dendrobates tinctorius sp ""azureus""",13,6CJSY,species,,,No Valid Country Found,No Valid Country Found,
"dendrobates tinctorius sp ""tumucumaque""",14,6CJSY,species,,,No Valid Country Found,No Valid Country Found,
"dendrobates tinctorius sp ""dyeing""",15,6CJSY,species,,,No Valid Country Found,No Valid Country Found,
"dendrobates tinctorius sp ""awarape blue""",16,6CJSY,species,,,No Valid Country Found,No Valid Country Found,
ranitomeya benedicta,17,78T37,species,,,No Valid Country Found,No Valid Country Found,
ranitomeya vanzolinii,18,78SQX,species,,,No Valid Country Found,No Valid Country Found,
megophrys nasuta,19,3Z2BX,species,,,No Valid Country Found,No Valid Country Found,
pyxicephalus adspersus,20,4QYCF,species,,,No Valid Country Found,No Valid Country Found,
theloderma corticale,21,568HJ,species,,,No Valid Country Found,No Valid Country Found,
agalychnis callidryas,22,65JNR,species,,Middle America,No Valid Country Found,No Valid Country Found,
kaloula pulchra,23,3QZL4,species,,,No Valid Country Found,No Valid Country Found,
tylototriton asperrimus,24,7DBLB,species,,,No Valid Country Found,No Valid Country Found,
tylototriton uyenoi,25,7DBJY,species,,,No Valid Country Found,No Valid Country Found,
cynops ensicauda,26,6C7WR,species,,,No Valid Country Found,No Valid Country Found,
cynops ensicauda popei,27,B758H,subspecies,,,No Valid Country Found,No Valid Country Found,
andrias sp,28,VTF,Genus Matched. Species not found,,,No Valid Country Found,No Valid Country Found,andrias sp
,29,,name not found,,,No Valid Country Found,No Valid Country Found,
,30,,name not found,,,No Valid Country Found,No Valid Country Found,
aphonopelma seemanni,31,FJSX,species,,Central America,No Valid Country Found,No Valid Country Found,
brachypelma boehmei,32,MYBN,species,,Mexico,Mexico,Mexico,
brachypelma smithi,33,MYBY,species,,Mexico,Mexico,Mexico,
cyriopagopus lividus,34,33JSM,species,,"Myanmar, Thailand",Myanmar,"Myanmar, Thailand",
cyriopagopus minax,35,33JSP,species,,"Myanmar, Thailand",Myanmar,"Myanmar, Thailand",
grammostola pulchripes,36,3H7H5,species,,"Paraguay, Argentina",Argentina,Argentina,
pterinochilus murinus,37,6WLFJ,species,,"Angola, Central, East, Southern Africa",Angola,Angola,
,38,,name not found,,,No Valid Country Found,No Valid Country Found,
centrochelys sulcata,39,S9KW,species,,"Ethiopia, Eritrea, Sudan (Jumhūriyyat), Republic of South Sudan (RSS), Chad, Niger, Mali, S Mauritania, Senegal, Central African Republic (range generally lies along the southern perimeter of the Sahara Desert), Cameroon",Ethiopia,"Ethiopia, Eritrea, Sudan, Chad, Niger, Senegal, Central African Republic",
astrochelys radiata,40,J439,species,,Madagascar (Antandroy Territory in the south between the Mandrare and Menarandra waterways). Endemic.,No Valid Country Found,No Valid Country Found,
astrochelys yniphora,41,5VVSV,species,,NW Madagascar (small area about Baly Bay),No Valid Country Found,No Valid Country Found,
chelonoidis carbonarius,42,TVL4,species,,"Nicaragua (Great Corn Island and mainland locations), SE Panama, Colombia (west of the Andes in Choco), east of the Andes in E Colombia, Venezuela, Guyana, French Guiana, Suriname, E Brazil (south to Rio de Janeiro; seems absent from almost all but the eastern parts of the Amazon Basin: Rio Grande do Sul, Goias, Espírito Santo, Ceará, Bahia etc.), Peru, E Bolivia, Paraguay, N Argentina, Trinidad, Virgin Islands (St. Croix); introduced to a number of Carribean Islands (incl. Providencia, Grenadine islands, St. Kitts)",Nicaragua,"Nicaragua, Colombia, Colombia, Venezuela, Guyana, Brazil, Peru, Bolivia",
chelonoidis carbonarius,43,TVL4,species,,"Nicaragua (Great Corn Island and mainland locations), SE Panama, Colombia (west of the Andes in Choco), east of the Andes in E Colombia, Venezuela, Guyana, French Guiana, Suriname, E Brazil (south to Rio de Janeiro; seems absent from almost all but the eastern parts of the Amazon Basin: Rio Grande do Sul, Goias, Espírito Santo, Ceará, Bahia etc.), Peru, E Bolivia, Paraguay, N Argentina, Trinidad, Virgin Islands (St. Croix); introduced to a number of Carribean Islands (incl. Providencia, Grenadine islands, St. Kitts)",Nicaragua,"Nicaragua, Colombia, Colombia, Venezuela, Guyana, Brazil, Peru, Bolivia",
chelonoidis denticulatus,44,TVL9,species,,"SE Venezuela, Caribbean lowlands of Guyana, French Guiana, and Suriname; Brazil (Amazon Basin, isolated range in E Brazil, Espírito Santo, Pará, Rio de Janeiro), E Ecuador, Colombia, NE Peru (Pasco), N/E Bolivia, Trinidad, Guadeloupe.",Venezuela,"Venezuela, Guyana, Suriname, Brazil, Brazil, Ecuador, Colombia",
chelonoidis niger,45,5Y2Z9,species,,Ecuador (Galapagos: Charles [Floreana],Ecuador,Ecuador,
indotestudo elongata,46,3PNQV,species,,"Nepal, Bangladesh, Bhutan, NE India (Assam, Jalpaiguri, East Bengal, and Singhbhum in Bihar), Myanmar (= Burma), Laos, Thailand (incl. Phuket), Cambodia, Vietnam, W Malaysia, S China",Bangladesh,"Bangladesh, Bhutan, Myanmar, Laos, Thailand, Cambodia, Vietnam",
stigmochelys pardalis,47,52MQ5,species,,"S Sudan (Jumhūriyyat), Republic of South Sudan (RSS), Ethiopia, Somalia, Kenya, Uganda, Tanzania,",Ethiopia,"Ethiopia, Somalia, Kenya, Uganda, Tanzania",
testudo hermanni,48,7C3D6,species,,"E Spain (also introduced to the Balearics: Mallorca, Menorca),",Spain,Spain,
testudo horsfieldii,49,55JSY,species,,"Azerbaijan, S Kazakhstan, Kyrgyzstan, Tajikistan, Turkmenistan, Uzbekistan, N/E Iran, Afghanistan, N Pakistan, N/W Baluchistan, NW China (Xinjiang); elevations up to 2400 m (in Afghanistan fide WERNING & WOLF 2007).",Azerbaijan,"Azerbaijan, Kyrgyzstan, Tajikistan, Turkmenistan, Uzbekistan, Afghanistan, Afghanistan",
aldabrachelys gigantea,50,6689N,species,,"Aldabra Atoll (Indian Ocean, Grande Terre, Picard, Malabar), introduced on Curieuse and Fregate (granitic Seychelles). Small groups exist on Cerf, Moyenne, Silhouette, Cousin, Cousine, Bird and Denis in the central Seychelles, on several of the Amirantes, and on Changu Island near Zanzibar (Tanzania).",Seychelles,"Seychelles, Seychelles, Tanzania",
terrapene carolina bauri,51,B46PJ,subspecies,,"USA (S Maine, S New Hampshire, SE New York, Massachusetts, Connecticut, Pennsylvania, New Jersey, Delaware, Maryland, West Virginia, Virginia, North Carolina, South Carolina, Georgia, Florida, Alabama, Mississippi, Louisiana, Missouri, Arkansas, S Illinois, Indiana, Michigan, Ohio, Kentucky, Tennessee, E Kansas, E Oklahoma, C/E Texas)",Georgia,Georgia,
mauremys reevesii,52,3YFWL,species,,"Japan (Honshu, Kyushu) [?], South Korea, Taiwan, China (south of the Yangtze River west to Canton: Sichuan, Shaanxi, Hubei, Henan, Anhui, Zhejiang, Jiangxi, Hong Kong, Fujian), Timor-Leste.",Japan,"Japan, South Korea, Taiwan, China, Hong Kong",
apalone ferox,53,F6QN,species,,"USA (SW South Carolina, S Georgia, Florida, S Alabama)",No Valid Country Found,No Valid Country Found,
carettochelys insculpta,54,R7VH,species,,"Papua New Guinea (Fly, Strickland, Morehead, Lorentz, Stekwa rivers, Lake Jamur),",Papua New Guinea,Papua New Guinea,
chelodina longicollis,55,5XQY4,species,,"Australia (New South Wales, Queensland, South Australia, Victoria)",Australia,Australia,
chelus fimbriata,56,87WF9,species,,USA (introduced to Florida),No Valid Country Found,No Valid Country Found,
chelydra serpentina,57,TWRZ,species,,"S Canada (from Nova Scotia, New Brunswick, S Quebec, Ontario, west to Manitoba, SE Alberta, Saskatchewan),",No Valid Country Found,No Valid Country Found,
chelydra serpentina,58,TWRZ,species,,"S Canada (from Nova Scotia, New Brunswick, S Quebec, Ontario, west to Manitoba, SE Alberta, Saskatchewan),",No Valid Country Found,No Valid Country Found,
chrysemys picta,59,5YKRV,species,,"S Canada (Nova Scotia, New Brunswick, Quebec, Ontario, Manitoba, Saskatchewan, Alberta ?, British Columbia),",No Valid Country Found,No Valid Country Found,
clemmys guttata,60,VYSQ,species,,"Canada (S Ontario, Quebec),",Canada,Canada,
cuora amboinensis,61,6BRNN,species,,"India (Nicobar Islands, Assam), Bhutan, Bangladesh, Myanmar (= Burma), Thailand, Cambodia, Vietnam, West Malaysia (incl. Pulau Pangkor, Tuba Island), Singapore, Philippines (Panay, Luzon, Mindanao, Cebu, Sibuyan etc.),",India,"India, Bhutan, Bangladesh, Myanmar, Thailand, Cambodia, Vietnam, Singapore, Philippines",
cuora bourreti,62,6C3PB,species,,"C Vietnam, Laos",Vietnam,"Vietnam, Laos",
cuora flavomarginata,63,6BRPF,species,,"S China (Fukien, Hunan, and possibly Sichuan provinces, Guangxi),",No Valid Country Found,No Valid Country Found,
cuora galbinifrons,64,6C3PF,species,,"Vietnam (Tonkin, Annam), China (Hainan Island, Guangxi)",Vietnam,"Vietnam, China",
cuora mouhotii,65,6BRPH,species,,"China (Hainan Island), Vietnam, Thailand, Myanmar (= Burma), E India (Assam, Nagaland etc.), Bhutan",China,"China, Vietnam, Thailand, Myanmar, Bhutan",
cuora trifasciata,66,6BRP4,species,,"S China (Kwangsi, Kwangtung, Hainan Island, Hong Kong)",Hong Kong,Hong Kong,
emydura macquarii,67,39LSX,species,,SE Australia (from SC Queensland southward to N Victoria and SE South Australia),Australia,Australia,
emydura subglobosa,68,39LT7,species,,"S Papua New Guinea,",No Valid Country Found,No Valid Country Found,
geoemyda japonica,69,3FPPM,species,,Japan (Ryukyu islands: Okinawa),Japan,Japan,
graptemys geographica,70,6L57F,species,,"Canada (S Quebec, S Ontario),",Canada,Canada,
graptemys pseudogeographica kohni,71,6KT7C,species,,"USA (primarily in large streams of the Mississippi River drainage from Minnesota, Wisconsin, Iowa, Illinois, Missouri, Kansas, NE Oklahoma, Nebraska, South Dakota, Oklahoma, NE Texas, Louisiana, Arkansas, NW Mississippi, Tennessee, W Kentucky, Indiana, Ohio, Alabama)",No Valid Country Found,No Valid Country Found,
heosemys annandalii,72,3KVX7,species,,"C Thailand, Cambodia, Vietnam, N Malaysia, Laos",Cambodia,"Cambodia, Vietnam, Laos",
kinosternon acutum,73,3R85R,species,,"Mexico (Caribean lowlands of C/S Veracruz, Oaxaca ?, Chiapas, Tabasco ?, Campeche, Quintana Roo), N Guatemala, Belize",Mexico,"Mexico, Belize",
kinosternon leucostomum,74,3R86F,species,,"Mexico ((Campeche, Quintana Roo, CS Veracruz, Oaxaca ?, Tabasco ?, Chiapas ?, Yucatan),",Mexico,Mexico,
leucocephalon yuwonoi,75,6PTMR,species,,Indonesia (Sulawesi),Indonesia,Indonesia,
macrochelys temminckii,76,3X3WY,species,,"USA (Indiana, Mississippi valley, Kansas, SE Iowa, Illinois, W Tennessee, W Kentucky, Missouri, Oklahoma, E Texas, Arkansas, Louisiana, Mississippi, Alabama)",No Valid Country Found,No Valid Country Found,
malaclemys terrapin,77,3XKD4,species,,"USA (Maryland, Rhode Island, along the Atlantic amd Gulf coasts in Massachusetts, Connecticut, New Jersey, Delaware, Virginia, North Carolina, South Carolina, Georgia, Florida including the Keys, Alabama, Mississippi, Louisiana, Texas), Bermuda Island",Georgia,Georgia,
mauremys annamensis,78,3YFW6,species,,C Vietnam,Vietnam,Vietnam,
mauremys japonica,79,3YFWC,species,,"S Japan (Honshu, Kyoshu, Shikoku)",No Valid Country Found,No Valid Country Found,
mauremys reevesii,80,3YFWL,species,,"Japan (Honshu, Kyushu) [?], South Korea, Taiwan, China (south of the Yangtze River west to Canton: Sichuan, Shaanxi, Hubei, Henan, Anhui, Zhejiang, Jiangxi, Hong Kong, Fujian), Timor-Leste.",Japan,"Japan, South Korea, Taiwan, China, Hong Kong",
pelodiscus sinensis,81,76CTF,species,,"C/S China (Liaoning, Shaanxi, Anhui, Zhejiang, Guangdong), N Vietnam, Hainan, Taiwan, S Far East (Russia), Japan (Bonin Islands), Indonesia (Timor), Japan, Philippines (Panay, Cebu)",Taiwan,"Taiwan, Russia, Japan, Indonesia, Japan, Philippines",
pelomedusa subrufa,82,76CSF,species,,"S Angola (Petzold et al. 2014), Botswana, SE Democratic Republic of the Congo (Zaire), Malawi (Vargas-Ramírez et al. 2010), Namibia (Wong et al. 2010; this study), South Africa (Limpopo; Petzold et al. 2014),Tanzania (Kilimanjaro, Petzold et al. 2014). Introduced to Madagascar (Vargas-Ramírez et al. 2010; Wong et al. 2010), Republic of South Sudan (RSS), Sudan (Jumhūriyyat)",Namibia,"Namibia, South Africa, Madagascar, Sudan",
phrynops hilarii,83,4GWNT,species,,"Brazil (Rio Grande do Sul), Uruguay, Argentina (Corrientes), Paraguay [ZIEGLER et al. 2002]",Brazil,"Brazil, Uruguay",
platysternon megacephalum,84,4JZ39,species,,"S China (Guangdong, Jiangxi, Fukien, Kwangtung, Kwangsi, Hainan Island), N Vietnam, Laos , Cambodia, N Thailand, S Burma",China,"China, Laos, Cambodia",
podocnemis unifilis,85,4KQGF,species,,"Caribbean drainages of Guyana, French Guiana, Venezuela, and Colombia, Trinidad ?, Tobago ?, upper tributaries of the Amazon River in Colombia, Ecuador, Peru, N  Bolivia, S Venezuela, and Brazil (Amazonas, Pará)",Guyana,"Guyana, Venezuela, Colombia, Colombia, Ecuador, Peru, Bolivia, Brazil",
pseudemys concinna,86,4NM9N,species,,"USA (Indiana, West Virginia, Ohio, Virginia, North Carolina, South Carolina, Georgia, Alabama, Mississippi, Louisiana, Arkansas, E Oklahoma, Texas, SE New Mexico, SE Kansas, S Missouri, S Illinois, W Kentucky, W Tennessee, Florida)",Georgia,Georgia,
pseudemys peninsularis,87,78CBH,species,,USA (Florida peninsula),No Valid Country Found,No Valid Country Found,
pseudemys peninsularis,88,78CBH,species,,USA (Florida peninsula),No Valid Country Found,No Valid Country Found,
pseudemys rubriventris,89,78CBK,species,,"USA ((Pennsylvania, along the Atlantic Coastal Plain in New York, New Jersey, Delaware, Virginia, NE North Carolina, and west up the Potomac River to E West Virginia, relict populations in Plymouth county and possibly Essex county, Massachusetts)",No Valid Country Found,No Valid Country Found,
rhinoclemmys pulcherrima,90,4S8B6,species,,"Mexico (Sonora, Sinaloa, Nayarit, Jalisco, Colima, Michoacan, Guerrero, Oaxaca, Chiapas),",Mexico,Mexico,
rhinoclemmys sspp,91,78P2,Genus Matched. Species not found,,,No Valid Country Found,No Valid Country Found,rhinoclemmys sspp
sacalia quadriocellata,92,4TVYB,species,,"SE China (incl. Hainan, Guangxi, Guizhou, Yunnan, Jiangxi), Vietnam, Laos",China,"China, Vietnam, Laos",
sternotherus carinatus,93,52FSR,species,,"USA (Gulf Coastal Plain of (Alabama, SE Oklahoma, C/S Arkansas, Mississippi, E Texas, Louisiana)",No Valid Country Found,No Valid Country Found,
sternotherus odoratus,94,52FT3,species,,"Canada (S Ontario, Quebec),",Canada,Canada,
terrapene carolina carolina,95,7J4ZX,subspecies,,"USA (S Maine, S New Hampshire, SE New York, Massachusetts, Connecticut, Pennsylvania, New Jersey, Delaware, Maryland, West Virginia, Virginia, North Carolina, South Carolina, Georgia, Florida, Alabama, Mississippi, Louisiana, Missouri, Arkansas, S Illinois, Indiana, Michigan, Ohio, Kentucky, Tennessee, E Kansas, E Oklahoma, C/E Texas)",Georgia,Georgia,
terrapene carolina major,96,7J4ZW,subspecies,,"USA (S Maine, S New Hampshire, SE New York, Massachusetts, Connecticut, Pennsylvania, New Jersey, Delaware, Maryland, West Virginia, Virginia, North Carolina, South Carolina, Georgia, Florida, Alabama, Mississippi, Louisiana, Missouri, Arkansas, S Illinois, Indiana, Michigan, Ohio, Kentucky, Tennessee, E Kansas, E Oklahoma, C/E Texas)",Georgia,Georgia,
terrapene mexicana,97,55HWR,species,,"Mexico (San Luis Potosi, Tamaulipas, Veracruz)",Mexico,Mexico,
terrapene triunguis,98,6478B,Genus Matched. Species not found,,,No Valid Country Found,No Valid Country Found,terrapene triunguis
trachemys scripta elegans,99,5F8HQ,subspecies,,"scripta: USA (Alabama, Florida, Georgia, North Carolina, South Carolina, Virginia) [Rhodin et al. 2010]",Georgia,Georgia,
trachemys scripta scripta,100,5F8HR,subspecies,,"scripta: USA (Alabama, Florida, Georgia, North Carolina, South Carolina, Virginia) [Rhodin et al. 2010]",Georgia,Georgia,
trachemys venusta,101,7CLCL,species,,"Belize, Colombia (Antioquia, Chocó), Costa Rica, El Salvador, Guatemala, Honduras, Mexico (Campeche, Chiapas, Oaxaca, Quintana Roo, San Luis Potosi, Tabasco, Tamaulipas, Veracruz, Puebla, Yucatán, Nuevo León), Nicaragua, Panama",Belize,"Belize, Costa Rica, El Salvador, Guatemala, Honduras, Mexico, Nicaragua, Panama",
geoemyda spengleri,102,3FPPW,species,,"S China (from Kwangsi, Kwangtung, Guangdong, Hainan Island), Vietnam, Laos",China,"China, Vietnam, Laos",
alligator mississippiensis,103,BTRB,species,,"SE USA (Alabama, Arkansas, North Carolina,  South Carolina, Florida, Georgia, Louisiana, Mississippi, Oklahoma, Texas), Mexico",Georgia,"Georgia, Mexico",
alligator sinensis,104,BTRF,species,,"China (areas around the lower Yangzi River in Jiangau, Zhejiang, Anhui)",China,China,
caiman crocodilus,105,PBBP,species,,"Brazil (incl. Mato Grosso, Acre, Pará, Piauí), Colombia (incl. Valle del Cauca), Costa Rica,",Brazil,"Brazil, Colombia, Costa Rica",
crocodylus mindorensis,106,ZKNG,species,,"Philippines (islands of Busuanga, Luzon, Masbate, Mindanao, Mindoro, Negros, Samar), Sulu Archipelago",Philippines,Philippines,
crocodylus porosus,107,ZKNP,species,,"Australia, Bangladesh, Brunei, Myanmar (= Burma), Cambodia, India (including Andaman Islands, Nicobar Islands, Kerala), Indonesia (Java, Sulawesi, Komodo), Malaysia, Palau (Caroline Islands) , Papua New Guinea, Philippines, Singapore, Sri Lanka, Solomon Islands, Thailand, Vanuatu (Banks Islands), Nauru?, Micronesia, Vietnam.",Australia,"Australia, Bangladesh, Brunei, Myanmar, Cambodia, India, Indonesia, Malaysia, Palau, Papua New Guinea, Philippines, Singapore, Sri Lanka, Solomon Islands, Thailand, Nauru, Micronesia, Vietnam",
crocodylus siamensis,108,ZKNS,species,,"Cambodia, Indonesia (including Borneo and possibly Java), Laos, Malaysia, Thailand, Vietnam, Brunei, Myanmar (= Burma).",Cambodia,"Cambodia, Indonesia, Laos, Malaysia, Thailand, Vietnam, Brunei, Myanmar",
gavialis gangeticus,109,3FFQ3,species,,"Bangladesh, Bhutan, Myanmar (= Burma), N India (Madhya Pradesh etc), Nepal, Pakistan",Bangladesh,"Bangladesh, Bhutan, Myanmar, Nepal, Pakistan",
osteolaemus tetraspis,110,6TBCB,species,,"Angola, Benin, Burkina Faso, Cameroon,",Angola,"Angola, Benin",
paleosuchus palpebrosus,111,4C47J,species,,"Bolivia, Brazil (Goias, Acre, Piauí, Pernambuco, Paraíba etc.), Colombia, Ecuador, French Guiana, Guyana ?, NE Paraguay, Peru, Suriname, Venezuela, Trinidad",Bolivia,"Bolivia, Brazil, Colombia, Ecuador, Guyana, Peru, Suriname, Venezuela",
tomistoma schlegelii,112,57D4X,species,,"Indonesia (Sumatra, Borneo, Kalimantan, Java, Sulawesi),",Indonesia,Indonesia,
,113,,name not found,,,No Valid Country Found,No Valid Country Found,
,114,,name not found,,,No Valid Country Found,No Valid Country Found,
hydrosaurus amboinensis,115,6MLCW,species,,"Indonesia (Halmahera etc.), Papua New Guinea",Indonesia,"Indonesia, Papua New Guinea",
hydrosaurus pustulatus,116,3N9VG,species,,"Philippines (Luzon, Polillo, Mindoro, Negros, Dinagat, Mindanao, Panay, Bohol, Cebu, Sibuyan, Camiguin Sur)",Philippines,Philippines,
leiolepis sp,117,5BWY,Genus Matched. Species not found,,,No Valid Country Found,No Valid Country Found,leiolepis sp
pogona sp,118,63NN8,Genus Matched. Species not found,,,No Valid Country Found,No Valid Country Found,pogona sp
uromastyx ornata,119,7DVYB,species,,"Egypt, Israel, Saudi Arabia, Yemen",Egypt,"Egypt, Israel, Saudi Arabia, Yemen",
pseudopus apodus,120,4P98Q,species,,"Greece (incl. Limnos, Rhodos, Lesbos, Corfu = Corfou, Chios, Samos), coastal Croatia, Hercegovina, Monte Negro, Macedonia, Albania, Bulgaria, Turkey, Lebanon,",Greece,"Greece, Croatia, Albania, Bulgaria, Turkey, Lebanon",
furcifer pardalis,121,6K4Y8,species,,"Nossi Be = Nosy Bé, St. Marie, Nosy Faly, Nosy Mangabe, Nosy Mitsio, Nosy Sakatia, Nosy Tanikely, Nosy Komba, NE Madagascar, Reunion (introduced)",No Valid Country Found,No Valid Country Found,
ouroborus cataphractus,122,4B9F9,species,,SW Republic of South Africa,No Valid Country Found,No Valid Country Found,
smaug giganteus,123,4XVBV,species,,"Republic of South Africa (small scatterd populations in NE OFS, extreme W Natal and SE Transvaal)",No Valid Country Found,No Valid Country Found,
nephrurus levis,124,472RS,species,,Australia (arid/semi-arid central Australia west of the Great Dividing Range:,Australia,"Australia, Australia",
correlophus ciliatus,125,YHKB,species,,EC New Caledonia,No Valid Country Found,No Valid Country Found,
rhacodactylus auriculatus,126,4RX4K,species,,S New Caledonia,New Caledonia,New Caledonia,
rhacodactylus leachianus,127,4RX4R,species,,New Caledonia; Isle of Pine; Belep Isles (?),New Caledonia,New Caledonia,
eublepharis fuscus,128,6GSJS,species,,"W India (northern Karnataka, Maharashtra and Gujarat)",No Valid Country Found,No Valid Country Found,
eublepharis macularius,129,3BNV5,species,,"E Afghanistan, Pakistan, NW India (Rajasthan, Ajmer, Madar foot hills, Punhab, Jammu), Nepal,  E Iran (fide CARRIÓN et al. 2003).",Afghanistan,"Afghanistan, Pakistan, Iran",
eublepharis macularius afghanicus,130,7GRQ3,subspecies,,"E Afghanistan, Pakistan, NW India (Rajasthan, Ajmer, Madar foot hills, Punhab, Jammu), Nepal,  E Iran (fide CARRIÓN et al. 2003).",Afghanistan,"Afghanistan, Pakistan, Iran",
eublepharis satpuraensis,131,6H4K4,species,,"India (Madhya Pradesh, Chhattisgarh)",India,India,
eublepharis,132,96RZ8,genus,,,No Valid Country Found,No Valid Country Found,
aeluroscalabotes felinus,133,659ZK,species,,"Indonesia (Borneo, Sumatra, Sanana [= Sunana] Islands),",Indonesia,Indonesia,
hemitheconyx caudicinctus,134,3KTFP,species,,"Cameroon, Nigeria, Senegal, Togo, Mali, Ivory Coast, Gambia, Benin, Burkina Faso, Niger, Ghana ?, Liberia ?, Guinea (Conakry), Sierra Leone ?",Senegal,"Senegal, Mali, Ivory Coast, Gambia, Benin, Niger, Ghana, Liberia, Guinea",
gekko gecko,135,3FH5H,species,,"Bangladesh, India (Assam, Mizoram, Tripura, etc.), Nepal, Bhutan, Myanmar (= Burma), Thailand, Cambodia, Laos, Vietnam, Malaysia, S China (incl. Hong Kong, Guangxi, Taiwan), Philippines (Palawan, Calamian Islands, Panay, Luzon, Mindoro, Bohol, Masbate, Cebu, Camiguin Sur, Misamis Oriental, Sibuyan, Camiguin Sur),",Bangladesh,"Bangladesh, Nepal, Bhutan, Myanmar, Thailand, Cambodia, Laos, Vietnam, Malaysia, Hong Kong, Taiwan, Philippines",
phelsuma,136,6N56,genus,,,No Valid Country Found,No Valid Country Found,
uroplatus,137,63W9N,genus,,,No Valid Country Found,No Valid Country Found,
heloderma horridum,138,3KGXY,species,,"Mexico (Sinaloa, Nayarit, Jalisco, Colima, Michoacan, Guerrero, Morelos, W Puebla, Oaxaca, Chiapas, Durango)",Mexico,Mexico,
heloderma suspectum,139,3KGXZ,species,,"USA (SE California, S Nevada, SW Utah, Arizona, New Mexico), Mexico (Sonora, Sinaloa)",Mexico,Mexico,
hybrid,140,,genus not found,,,No Valid Country Found,No Valid Country Found,hybrid
brachylophus bulabula,141,MX3J,species,,"Larger NW islands Fiji (Viti group, including Ovalau,Gau,Kadavu and Viti Levu), Vanuatu",Fiji,Fiji,
brachylophus fasciatus,142,MX3K,species,,"Fiji Islands (Viti Levu, Wakaya, Ovalau, Moturiki, Gau, Beqa, Vatuele, Kandavu Ono, Dravuni, Taveuni, Nggamea, Vanua, Balavu, Avea, Vatu Vara,Lakeba, Aiwa, Oneata, Vanua Levu, Vanua Vatu, Totoya, Kabara, Fulaga),",Fiji,Fiji,
brachylophus vitiensis,143,MX3L,species,,Fiji Islands (Yaduataba),Fiji,Fiji,
cachryx defensor,144,9XHYV,species,,"S Mexico (Campeche, Yucatan, Quintana Roo), Guatemala (Rio Azul)",No Valid Country Found,No Valid Country Found,
conolophus marthae,145,5ZTVP,species,,Ecuador (Galapagos Islands: Isla Isabela),Ecuador,Ecuador,
conolophus subcristatus,146,5ZTW3,species,,"Galapagos (James = Santiago, Indefatigable = Santa Cruz, Albermarle = Isabella, Narborough = Fernandina, South Seymour) (belongs politically to Ecuador)",Ecuador,Ecuador,
ctenosaura sp,147,3X3S,Genus Matched. Species not found,,,No Valid Country Found,No Valid Country Found,ctenosaura sp
ctenosaura clarki,148,32765,species,,"W Mexico (Jalisco, Michoacan: valley of the Rio Tepalcatepec, Guerrero)",No Valid Country Found,No Valid Country Found,
cyclura,149,926GH,genus,,,No Valid Country Found,No Valid Country Found,
cyclura cornuta,150,32YSW,species,,"Hispaniola (Dominican Republic, Haiti), Isla Beata, Ile de la Petite Gonave, Ile de la Tortue, Ile Grande Cayemite, Ile de la Petite Cayemite, Isla Saona, Isla Cabritos, Navassa, Isla Mona, Puerto Rico (USA, Florida)",Dominican Republic,"Dominican Republic, Haiti, Puerto Rico",
cyclura cychlura figginsi,151,5DYNR,subspecies,,"Bahamas (Andros I, Exuma Cays)",No Valid Country Found,No Valid Country Found,
cyclura lewisi,152,32YT6,species,,Cayman Is.: Grand Cayman.,No Valid Country Found,No Valid Country Found,
cyclura nubila,153,6BTN8,species,,"Cuba, Isla de la Juventud (= Isla de Pinos), Archipelago de los Canarreos, Cayos de San Felipe,",Cuba,Cuba,
cyclura,154,926GH,genus,,,No Valid Country Found,No Valid Country Found,
iguana delicatissima,155,6N73J,species,,"Lesser Antilles: Anguilla, St. Martin, Ile Fourchue, Les Iles Fregates, Ile Chevreau, St. Barthelemy, Gros îlet, St. Eustatius, Nevis, Antigua,  Guadeloupe, La Desirade, Ile des Saintes, Dominica, Martinique, Barbuda,",No Valid Country Found,No Valid Country Found,
iguana iguana,156,6MV3G,species,,USA (introduced to Florida and Hawaii),No Valid Country Found,No Valid Country Found,
iguana iguana sp,157,6MV3G,species,,USA (introduced to Florida and Hawaii),No Valid Country Found,No Valid Country Found,
iguana iguana sp,158,6MV3G,species,,USA (introduced to Florida and Hawaii),No Valid Country Found,No Valid Country Found,
gastropholis prasina,159,3FDVG,species,,"NE Tanzania (Tanga, Amani, Kiono Forest), SE Kenya",Tanzania,Tanzania,
lanthanotus borneensis,160,3S7W2,species,,"Indonesia (Borneo: W Kalimantan), Malaysia (Sarawak)",Indonesia,"Indonesia, Malaysia",
varanus hapturosaurus sp,161,7FG77,Genus Matched. Species not found,,,No Valid Country Found,No Valid Country Found,varanus hapturosaurus sp
varanus albigularis microstictus,162,7J5QT,subspecies,,"Namibia, Botswana, Republic of South Africa, Swaziland, Zimbabwe, Mozambique, Zambia, Angola, Tanzania,S Ethiopia, S Somalia, Kenya, Uganda, S Democratic Republic of the Congo (Zaire)",Namibia,"Namibia, Botswana, Zimbabwe, Mozambique, Zambia, Angola, Tanzania, Ethiopia, Kenya, Uganda",
varanus auffenbergi,163,7FGCC,species,,Indonesia (Roti Island),Indonesia,Indonesia,
varanus beccarii,164,7FGF3,species,,Aru Islands (Indonesia),Indonesia,Indonesia,
varanus cumingi,165,7FGDM,species,,"Philippines (Mindanao, Camiguin Sur etc.)",Philippines,Philippines,
varanus doreanus,166,7FGDZ,species,,"New Britain Island, Bismarck Archipelago, Australia (Queensland: Cape York peninsula)",Australia,Australia,
varanus dumerilii,167,7FGDW,species,,"Peninsular Thailand, Myanmar (= Burma), West Malaysia,",Myanmar,Myanmar,
varanus exanthematicus,168,7FGDT,species,,"Mauritania, Senegal, Gambia, Guinea-Bissau, Guinea (Conakry), Sierra Leone, Liberia, Mali, Ivory Coast, Burkina Faso, Ghana, Togo, Benin, Niger, Nigeria, Chad, Cameroon, Central African Republic, Sudan (Jumhūriyyat), Republic of South Sudan (RSS), Ethiopia, Eritrea, Kenya, Uganda, N Democratic Republic of the Congo (Zaire), Zimbabwe",Mauritania,"Mauritania, Senegal, Gambia, Guinea, Liberia, Mali, Ivory Coast, Ghana, Benin, Niger, Nigeria, Chad, Central African Republic, Sudan, Ethiopia, Eritrea, Kenya, Uganda, Zimbabwe",
varanus finschi,169,7FFVF,species,,"New Guinea, New Ireland [Bismarck Archipelago], Numpuur (= Numfur), Australia (N Queensland)",Australia,Australia,
varanus giganteus,170,7FG7D,species,,"Australia (Northern Territory, Queensland, South Australia, Western Australia)",Australia,Australia,
varanus glauerti,171,7FFVB,species,,"Indonesia (Timor), Australia (N Western Australia, N Northern Territory)",Indonesia,"Indonesia, Australia",
varanus indicus,172,7FG7H,species,,"Australia (Northern Territory, Queensland)",Australia,Australia,
varanus jobiensis,173,7FFW7,species,,"N New Guinea, Papua New Guinea (northern Province: S slope Mt. Victory, 9.2424°S, 149.1350°E, 320 m asl.; Port Moresby), Indonesia (Irian Jaya)",Papua New Guinea,"Papua New Guinea, Indonesia",
varanus komodoensis,174,7FFW5,species,,"Komodo, Padar, Rintja, Flores, Lesser Sunda region of Indonesia",Indonesia,Indonesia,
varanus kordensis,175,7FG7T,species,,"Indonesia (Schouten Group as Kordo, Mysore), Irian Jaya",Indonesia,Indonesia,
varanus macraei,176,7FFW3,species,,Indonesia (Batanta Island),Indonesia,Indonesia,
varanus melinus,177,7FFW2,species,,"Obi Is., Sula Is. (Indonesia)",Indonesia,Indonesia,
varanus mertensi,178,7FG7Q,species,,"Australia (Northern Territory, Queensland, Western Australia)",Australia,Australia,
varanus nebulosus,179,7FG7P,species,,"S Myanmar (= Burma), Thailand, Cambodia, S Vietnam, Singapore, Malayan peninsula (incl. Pulau Tioman) and Java, Indonesia (Java, Riau Archipelago: Pulau Kundur, Pulau Combol)",Thailand,"Thailand, Cambodia, Vietnam, Singapore, Indonesia",
varanus niloticus,180,7FG7Z,species,,"Republic of South Africa (Eastern Cape etc.), Swaziland, Namibia, Botswana, Tanzania, Mozambique, Zimbabwe, Zambia, Angola, Malawi, Tanzania, Gabon, W/N/S Democratic Republic of the Congo (Zaire), Kenya, Uganda, Cameroon, Central African Republic, Ethiopia, Eritrea, Somalia, Sudan (Jumhūriyyat), Republic of South Sudan (RSS), Chad, Egypt, Liberia, Ivory Coast, Ghana, Togo, Benin, Burkina Faso, Niger, Nigeria, Mali, Mauritania, Senegal, Gambia (HÅKANSSON 1981), Guinea (Conakry)",Namibia,"Namibia, Botswana, Tanzania, Mozambique, Zimbabwe, Zambia, Angola, Tanzania, Gabon, Kenya, Uganda, Central African Republic, Ethiopia, Eritrea, Somalia, Sudan, Chad, Egypt, Liberia, Ivory Coast, Ghana, Benin, Niger, Nigeria, Mali, Mauritania, Senegal, Gambia, Guinea",
varanus nuchalis,181,7FFVY,species,,"Philippines (Cebu, Ticao, Negros, Panay and Masbate, Philippines);",Philippines,"Philippines, Philippines",
varanus obor,182,7FG7Y,species,,Indonesia (N Moluccas: Sanana),Indonesia,Indonesia,
varanus olivaceus,183,7FG7X,species,,"Philippines (S Luzon, Polillo), Catanduanes Islands, elevation max. 400 m.",Philippines,Philippines,
varanus panoptes,184,7FG6D,species,,"Australia (Northern Territory, Western Australia),",Australia,Australia,
varanus prasinus,185,7FG6L,species,,"Australia (Queensland) ?, Papua New Guinea",Australia,"Australia, Papua New Guinea",
varanus reisingeri,186,7FFV5,species,,Indonesia (Misol),Indonesia,Indonesia,
varanus rudicollis,187,7FG75,species,,"S Burma (= Myanmar), S Thailand, W Malaysia (incl. Penang), Rhio Archipelago, Indonesia (Sumatra, Bangka, Borneo), Philippines ?",Myanmar,"Myanmar, Indonesia, Philippines",
varanus salvadorii,188,7FG6S,species,,Indonesia (Irian Jaya),Indonesia,Indonesia,
varanus salvator,189,7FG74,species,,"Sri Lanka, NE India (incl. Assam, Mizoram, Tripura, Nicobar Islands, Andaman Islands), Nepal, Bangladesh, Myanmar (= Burma), Cambodia, Laos, Vietnam, S China (Hong Kong, Guangdong, Hainan, Guangxi, S Yunnan), Thailand (incl. Phuket), Malaysia  (incl. Pulau Pangkor, Pulau Tioman, Johor: Pulau Besar), Singapore, Indonesia (Borneo, Sumatra, Nias, Enggano, Bangka, Kalimantan, Java, Bali, Lombok, Sumbawa, Flores, Wetar, Sulawesi),",Sri Lanka,"Sri Lanka, India, Nepal, Bangladesh, Myanmar, Cambodia, Laos, Vietnam, China, Hong Kong, Thailand, Malaysia, Singapore, Indonesia",
varanus salvator komaini,190,8FSHN,subspecies,,,No Valid Country Found,No Valid Country Found,
varanus salvator celebensis,191,8SCT6,subspecies,,"Sri Lanka, NE India (incl. Assam, Mizoram, Tripura, Nicobar Islands, Andaman Islands), Nepal, Bangladesh, Myanmar (= Burma), Cambodia, Laos, Vietnam, S China (Hong Kong, Guangdong, Hainan, Guangxi, S Yunnan), Thailand (incl. Phuket), Malaysia  (incl. Pulau Pangkor, Pulau Tioman, Johor: Pulau Besar), Singapore, Indonesia (Borneo, Sumatra, Nias, Enggano, Bangka, Kalimantan, Java, Bali, Lombok, Sumbawa, Flores, Wetar, Sulawesi),",Sri Lanka,"Sri Lanka, India, Nepal, Bangladesh, Myanmar, Cambodia, Laos, Vietnam, China, Hong Kong, Thailand, Malaysia, Singapore, Indonesia",
varanus spenceri,192,7FG6Y,species,,"Australia (E Northern Territory, NW Queensland)",Australia,Australia,
varanus odatriatristis,193,7FG77,Genus Matched. Species not found,,,No Valid Country Found,No Valid Country Found,varanus odatriatristis
varanus varius,194,7FG9C,species,,"Australia (New South Wales, Queensland, South Australia, Victoria)",Australia,Australia,
varanus yuwonoi,195,7FG9P,species,,Indonesia (Halmahera Island),Indonesia,Indonesia,
varanus spp,196,7FG77,Genus Matched. Species not found,,,No Valid Country Found,No Valid Country Found,varanus spp
varanus spp,197,7FG77,Genus Matched. Species not found,,,No Valid Country Found,No Valid Country Found,varanus spp
varanus bengalensis,198,7FGF9,species,,"SE Iran, Afghanistan, Pakistan, N India (Assam, Himachal Pradesh, Jammu and Kashmir, Madhya Pradesh, Tamil Nadu, Gujarat, Mizoram , Maharashtra, Kerala, etc.), Bhutan, Nepal, Sri Lanka, Bangladesh, Myanmar (= Burma), Thailand (incl. Phuket), N Vietnam, Laos, Cambodia, W Malaysia, Pulau Tioman, Indonesia (Java), China (Yunnan)",Iran,"Iran, Afghanistan, Pakistan, Bhutan, Nepal, Sri Lanka, Bangladesh, Myanmar, Thailand, Laos, Cambodia, Indonesia, China",
shinisaurus crocodilurus,199,4X4PH,species,,"China (Guangxi, Guangdong, Guizhou, Hunan), NE Vietnam (Quang Ninh Province)",China,"China, Vietnam",
bellatorias frerei,200,5WGNN,species,,"Australia (New South Wales, Queensland), Papua New Guinea.",Australia,"Australia, Papua New Guinea",
corucia zebrata,201,6B64B,species,,Papua New Guinea: Solomon Islands,Papua New Guinea,Papua New Guinea,
egernia sp,202,632MD,Genus Matched. Species not found,,,No Valid Country Found,No Valid Country Found,egernia sp
eutropis multifasciata,203,6HKDH,species,,"From India (Assam, Mizoram, Tripura), Bangladesh to S China (Hainan, Yunnan), Taiwan,",India,"India, Taiwan",
scincus scincus,204,4VK6R,species,,"Tunisia, Algeria, SE Libya, Egypt, Sinai, Israel, Jordan, Yemen, , Bahrain, Kuwait, Iraq, Iran, Western Sahara ?, Mauritania ?, Senegal, Mali, Niger, Nigeria, Saudi Arabia, C Sudan (Jumhūriyyat)",Tunisia,"Tunisia, Algeria, Libya, Egypt, Israel, Jordan, Yemen, Bahrain, Kuwait, Iraq, Iran, Western Sahara, Mauritania, Senegal, Niger, Nigeria, Saudi Arabia",
tiliqua multifasciata,205,56WZM,species,,"Australia (Northern Territory, Queensland, South Australia, Western Australia, New South Wales)",Australia,Australia,
tiliqua spp,206,56WZ2,Genus Matched. Species not found,,,No Valid Country Found,No Valid Country Found,tiliqua spp
tiliqua occipitalis,207,56WZS,species,,"Australia (New South Wales, Northern Territory, Queensland, South Australia, Victoria, Western Australia)",Australia,Australia,
tiliqua rugosa sspp,208,56X25,species,,"Australia (S Western Australia, S South Australia, Victoria, New South Wales except coastal areas, S/C Queensland)",Australia,Australia,
tiliqua scincoides,209,56X27,species,,"Australia (New South Wales, Northern Territory, Queensland, SE South Australia, Victoria, NW Western Australia)",Australia,Australia,
tiliqua scincoides chimaerea,210,5F87P,subspecies,,"Australia (New South Wales, Northern Territory, Queensland, SE South Australia, Victoria, NW Western Australia)",Australia,Australia,
tiliqua scincoides intermedia,211,5F87R,subspecies,,"Australia (New South Wales, Northern Territory, Queensland, SE South Australia, Victoria, NW Western Australia)",Australia,Australia,
tiliqua scincoides scincoides,212,5F87S,subspecies,,"Australia (New South Wales, Northern Territory, Queensland, SE South Australia, Victoria, NW Western Australia)",Australia,Australia,
tiliqua sp,213,56WZ2,Genus Matched. Species not found,,,No Valid Country Found,No Valid Country Found,tiliqua sp
tribolonotus gracilis,214,586C5,species,,"Papua New Guinea, Admirality Islands (Manus; may be in error fide MYS 1988: 148)",Papua New Guinea,Papua New Guinea,
salvator merianae,215,6XFSD,species,,"Brazil (Amazonas, Rio Grande do Sul, Goias, Minas Gerais, Espírito Santo, Ceará, Bahia, Rio de Janeiro, Sergipe, Piauí, São Paulo, Rio Grande do Norte, Pernambuco, Paraíba), Uruguay, Bolivia (Santa Cruz), Paraguay, Argentina (Formosa, Corrientes)",Brazil,"Brazil, Uruguay, Bolivia, Argentina",
salvator rufescens,216,79FSD,species,,"W Argentina (Chaco, La Rioja, San Juan [HR 31: 185], Mendoza, Córdoba, San Luis, La Pampa), Paraguay, Bolivia (Beni, Santa Cruz, Tarija)",No Valid Country Found,No Valid Country Found,
salvator sp,217,7BZZ,Genus Matched. Species not found,,,No Valid Country Found,No Valid Country Found,salvator sp
ameiva ameiva,218,CQKP,species,,"Colombia (incl. Valle del Cauca, Chocó), Surinam, French Guiana, Guyana, Venezuela (Trujillo, Cojedes), Brazil (Acre, Amazonas, Bahia, Paraná [HR 27: 216], Minas Gerais, Goias, Pernambuco, Espírito Santo, Ceará, Mato Grosso, Sergipe, Rio de Janeiro, Piauí, Rio Grande do Norte), Bolivia (Beni, Cochabamba, La Paz, Pando, Santa Cruz, Tarija), Ecuador, Peru, Argentina (Salta, Jujuy, Santiago del Estero, Formosa, Chaco, Corrientes, Danta Fe, Entre Ríos), Paraguay.",Colombia,"Colombia, Guyana, Venezuela, Brazil, Ecuador, Peru, Argentina",
stenocercus fimbriatus,219,4ZWJS,species,,"Brazil (Amazonas, Acre), Peru (eastern slopes of the Andes, Junin  [HR 35: 188])",Brazil,"Brazil, Peru",
myocastor coypus,220,6RRQT,species,,Africa,No Valid Country Found,No Valid Country Found,
acrantophis madagascariensis,221,64MBG,species,,"N Madagascar, Nossi Be = Nosy Bé",No Valid Country Found,No Valid Country Found,
sanzinia madagascariensis,222,6XK7P,species,,"E Madagascar, Nossi Be = Nosy Bé",No Valid Country Found,No Valid Country Found,
boa constrictor constrictor,223,5DNKL,subspecies,,"Mexico (Tamaulipas, Quéretaro, Veracruz, Puebla, Jalisco, Hidalgo), Belize, Guatemala, Honduras, El Salvador, Nicaragua, Costa Rica, Panama,",Mexico,"Mexico, Belize, Guatemala, Honduras, El Salvador, Nicaragua, Costa Rica, Panama",
boa constrictor imperator,224,M7TX,species,,"Mexico (Tamaulipas, Quéretaro, Veracruz, Puebla, Jalisco, Hidalgo), Belize, Guatemala, Honduras, El Salvador, Nicaragua, Costa Rica, Panama,",Mexico,"Mexico, Belize, Guatemala, Honduras, El Salvador, Nicaragua, Costa Rica, Panama",
boa constrictor imperator,225,M7TX,species,,"Mexico (Tamaulipas, Quéretaro, Veracruz, Puebla, Jalisco, Hidalgo), Belize, Guatemala, Honduras, El Salvador, Nicaragua, Costa Rica, Panama,",Mexico,"Mexico, Belize, Guatemala, Honduras, El Salvador, Nicaragua, Costa Rica, Panama",
boa constrictor ssp,226,M7TX,species,,"Mexico (Tamaulipas, Quéretaro, Veracruz, Puebla, Jalisco, Hidalgo), Belize, Guatemala, Honduras, El Salvador, Nicaragua, Costa Rica, Panama,",Mexico,"Mexico, Belize, Guatemala, Honduras, El Salvador, Nicaragua, Costa Rica, Panama",
candoia aspera,227,QLMV,species,,"New Guinea (Admirality I, Bismarck Archipelago), Manus, Molucca Islands, Indonesia (West Papua)",Indonesia,Indonesia,
corallus caninus,228,5ZZDV,species,,"Guyana, Suriname, French Guiana, E/S Venezuela (Bolívar, Amazonas), NE Brazil (north of the Rio Amazonas and north and east of the Rio Negro: Amapá, Pará, Roraima, Amazonas); elevation 0-200 m.",Brazil,Brazil,
corallus caninus,229,5ZZDV,species,,"Guyana, Suriname, French Guiana, E/S Venezuela (Bolívar, Amazonas), NE Brazil (north of the Rio Amazonas and north and east of the Rio Negro: Amapá, Pará, Roraima, Amazonas); elevation 0-200 m.",Brazil,Brazil,
corallus batesii,230,5ZZD9,species,,"Brazil (Amazonas, Pará), Peru, Bolivia, Ecuador, Colombia; elevation 0-1000 m",Brazil,"Brazil, Peru, Bolivia, Ecuador, Colombia",
corallus hortulana,231,5ZZFH,species,,"S Colombia (east of the Andes), S Venezuela, Guyana, Suriname, French Guiana, Brazil (Amazonas, Bahia, Sergipe, Ceará, Rio de Janeiro, Espirito Santo, Minas Gerais, DF, Piauí, Acre, Pará, Pernambuco), Ecuador, Peru, Bolivia; Windward Islands.",Guyana,"Guyana, Suriname, Brazil, Ecuador, Peru, Bolivia",
epicrates cenchria,232,6FQT3,species,,"French Guiana, Suriname, Guyana,",Suriname,"Suriname, Guyana",
epicrates maurus,233,5H4W9,species,,,No Valid Country Found,No Valid Country Found,
eryx sp,234,3BG9J,Genus Matched. Species not found,,,No Valid Country Found,No Valid Country Found,eryx sp
eryx jhonii,235,3BG9J,Genus Matched. Species not found,,,No Valid Country Found,No Valid Country Found,eryx jhonii
eunectes murinus,236,6GYDR,species,,"Venezuela, Colombia, Brazil (Goias, Bahia, Sergipe, Ceara, Piauí etc.), Ecuador, E Paraguay, N Bolivia, NE Peru, Guyana, French Guiana, Trinidad",Venezuela,"Venezuela, Colombia, Brazil, Ecuador, Guyana",
eunectes notaeus,237,6GYDP,species,,"Bolivia, Paraguay, Uruguay, W Brazil (Mato Grosso, Mato Grosso do Sul, Rio Grande do Sul, Paraná [HR 27: 216], São Paulo), NE Argentina (Chaco, Corrientes, Entre Rios, Formosa, Misiones, Santa Fé, Corrientes, Santiago del Estero).",Bolivia,"Bolivia, Uruguay",
eunectes sp,238,4G38,Genus Matched. Species not found,,,No Valid Country Found,No Valid Country Found,eunectes sp
gongylophis colubrinus,239,8HZDC,Genus Matched. Species not found,,,No Valid Country Found,No Valid Country Found,gongylophis colubrinus
boiga dendrophila,240,5WNGW,species,,"Indonesia (Bangka, Belitung, Borneo, Java, Bali, Sulawesi, Riau Archipelago, Sumatra); Cambodia, Myanmar,",Indonesia,"Indonesia, Cambodia, Myanmar",
coelognathus radiatus,241,WRWM,species,,"Indonesia (Sumatra, Bangka, Borneo/Kalimantan, Java, Bali),",Indonesia,Indonesia,
coelognathus helena,242,WRWF,species,,"Sri Lanka, India (Gujarat, Himachal Pradesh, Jammu and Kashmir, Kerala, Tamil Nadu, Karnataka, Andhra Pradesh, Madhya Pradesh, Chhattisgarh, Orissa, Maharashtra (Pune (=Poona) district) [A. Captain, pers. comm.], Rajasthan), Pakistan (Sind) ?, Nepal, Bangladesh",Sri Lanka,"Sri Lanka, India, Pakistan, Nepal, Bangladesh",
elaphe schrenckii,243,38YMM,species,,"Russia (Amur River Basin of Siberia, Primorskiy Territory),",Russia,Russia,
gonyosoma oxycephalum,244,3GZWS,species,,"Indonesia (Bangka, Belitung, Java, Bali, Kalimantan, Borneo, Karimata, Legundi, Lombok, Mentawai Archipelago, Natuna Archipelago, Nias, Panaitan, Riau Archipelago, Sebuku, Sumatra, Tambelan Archipelago),",Indonesia,Indonesia,
gonyosoma boulengeri,245,6L2GC,species,,"N Vietnam (Ha Tinh, Vinh-Phu, Bac-Thai, Yen-Bai, Phu Yen, Quang Binh),",No Valid Country Found,No Valid Country Found,
heterodon sp,246,9JKMY,Genus Matched. Species not found,,,No Valid Country Found,No Valid Country Found,heterodon sp
heterodon kennerlyi,247,3L994,species,,"USA (S Texas, S New Mexico, S Arizona), Mexico (Coahuila, Aguascalientes, San Luis Potosí, Nuevo León, Tamaulipas, Durango, Jalisco).",Mexico,Mexico,
heterodon nasicus gloydi,248,89HW4,subspecies,,,No Valid Country Found,No Valid Country Found,
heterodon nasicus,249,3L997,species,,"Canada (Manitoba, Alberta, Saskatchewan),",Canada,Canada,
heterodon platirhinos,250,3L99B,species,,"SE Canada (Ontario),",Canada,Canada,
heterodon simus,251,3L99H,species,,"USA (S Mississippi, S Alabama, Georgia, Florida, South Carolina, SE North Carolina, Virginia)",Georgia,Georgia,
xenodon pulcher,252,7G8HM,species,,"SW Brazil (Mato Grosso do Sul), E Bolivia, S Paraguay,",Brazil,Brazil,
lampropeltis californiae,253,3S4VF,species,,"USA (California, S. Oregon, W/S Nevada, S Utah, Arizona",No Valid Country Found,No Valid Country Found,
lampropeltis holbrooki,254,3S4VR,species,,"USA (S Iowa, Missouri, Arkansas, Louisiana, Mississippi, Alabama, Oklahoma; isolated record in NW Kentucky. Intergrades with splendida from Nebraska to Texas)",No Valid Country Found,No Valid Country Found,
lampropeltis getula nigrita,255,5J8ZR,subspecies,,,No Valid Country Found,No Valid Country Found,
lampropeltis alterna,256,3S4V8,species,,"Mexico (Transpecos, Durango, N Zacatecas, Coahuila, Chihuahua),",Mexico,Mexico,
lampropeltis sp,257,62XJG,Genus Matched. Species not found,,,No Valid Country Found,No Valid Country Found,lampropeltis sp
lampropeltis triangulum sp,258,3S4WF,species,,"Canada (Ontario, S Quebec),",Canada,Canada,
lycodon sp,259,5HKD,Genus Matched. Species not found,,,No Valid Country Found,No Valid Country Found,lycodon sp
oligodon arnensis,260,74KQX,species,,"Sri Lanka, India (Kerala, Tamil Nadu, Karnataka, Andhra Pradesh, Gujarat, Madhya Pradesh, Uttar Pradesh, Himachal Pradesh, Jammu and Kashmir, Maharashtra, Uttarakhand, Punjab [Dino Aulakh, pers. comm.]), Pakistan, Nepal, Bhutan",Sri Lanka,"Sri Lanka, India, Pakistan, Nepal, Bhutan",
oligodon sp,261,67NX,Genus Matched. Species not found,,,No Valid Country Found,No Valid Country Found,oligodon sp
oreocryptophis porphyraceus coxi,262,7HMVF,subspecies,,"India (Darjeling, Sikkim, Assam, Arunachal Pradesh [A. Captain, pers. comm.], Mizoram),  Bhutan,",India,"India, Bhutan",
oreocryptophis porphyraceus laticinctus,263,7HMVG,subspecies,,"India (Darjeling, Sikkim, Assam, Arunachal Pradesh [A. Captain, pers. comm.], Mizoram),  Bhutan,",India,"India, Bhutan",
oreocryptophis porphyraceus porphyraceus,264,7HMVH,subspecies,,"India (Darjeling, Sikkim, Assam, Arunachal Pradesh [A. Captain, pers. comm.], Mizoram),  Bhutan,",India,"India, Bhutan",
oreocryptophis porphyraceus pulchra,265,7HN7H,subspecies,,"India (Darjeling, Sikkim, Assam, Arunachal Pradesh [A. Captain, pers. comm.], Mizoram),  Bhutan,",India,"India, Bhutan",
oreocryptophis porphyraceus ssp,266,74SSV,species,,"India (Darjeling, Sikkim, Assam, Arunachal Pradesh [A. Captain, pers. comm.], Mizoram),  Bhutan,",India,"India, Bhutan",
pantherophis guttatus,267,75LTS,species,,"USA (Arkansas, Mississippi, Alabama, South Carolina, North Carolina, Kentucky, Tennessee, Nebraska, Virginia, Maryland, Delaware, West Virginia, New Jersey, Florida, Texas, Louisiana, Georgia),",Georgia,Georgia,
pantherophis obsoletus lindheimeri,268,4CGYF,species,,"C/E USA (SE Nebraska, E Kansas, Oklahoma, E Texas, SE Minnesota, S/E Iowa, Missouri, Arkansas, Louisiana, Mississippi, Florida, Georgia, Alabama, South Carolina, North Carolina, Kentucky, Virginia, West Virginia, Indiana, Ohio, Maryland, Delaware, New Jersey, New York, Connecticut, Massachusetts, S Michigan, W Vermont, Pennsylvania),",Georgia,Georgia,
pantherophis,269,6DBX,genus,,,No Valid Country Found,No Valid Country Found,
lamprophis fuliginosus,270,8J72G,species,,,No Valid Country Found,No Valid Country Found,
ptyas mucosa,271,4Q9PH,species,,"Afghanistan, Bangladesh, Burma (Myanmar), Cambodia,",Afghanistan,"Afghanistan, Bangladesh, Myanmar, Cambodia",
acanthophis sp,272,MBB,Genus Matched. Species not found,,,No Valid Country Found,No Valid Country Found,acanthophis sp
bungarus flaviceps,273,68RYW,species,,"S Thailand, S Myanmar (= Burma), Cambodia, Vietnam,",Cambodia,"Cambodia, Vietnam",
dendroaspis polylepis,274,34M6Q,species,,"Angola, Botswana, Burkina Faso, Central African Republic, Eritrea, Senegal, Guinea (Conakry), Guinea-Bissau, Cameroon (Adamaoua [HR 35: 191]), Ethiopia, Ivory Coast, Kenya, Malawi, Mozambique, Namibia, Republic of South Africa (Eastern Cape etc.), Somalia, Swaziland, Tanzania, Uganda, N/S Democratic Republic of the Congo (Zaire), Zambia, Zimbabwe, Republic of South Sudan (RSS), Sudan (Jumhūriyyat)",Angola,"Angola, Botswana, Eritrea, Senegal, Guinea, Ethiopia, Ivory Coast, Kenya, Mozambique, Namibia, Somalia, Tanzania, Uganda, Zambia, Zimbabwe, Sudan",
naja kaouthia,275,45KX4,species,,"Bangladesh, Myanmar (= Burma), Cambodia, NE India (Uttar Pradesh, Bihar, Sikkim, Assam, West Bengal, Orissa, Tripura, Mizoram), Bhutan, Laos, N Malaysia,",Bangladesh,"Bangladesh, Myanmar, Cambodia, India, Bhutan, Laos",
naja kaouthia suphanensis,276,7KCF2,subspecies,,,No Valid Country Found,No Valid Country Found,
naja melanoleuca,277,45KXC,species,,"Nigeria, Cameroon, Central African Republic, Equatorial Guinea, Gabon, Republic of Congo (Brazzaville), Democratic Republic of the Congo (Kinshasa) (Zaire), N Angola, Rwanda, Republic of South Sudan (RSS)",Nigeria,"Nigeria, Central African Republic, Equatorial Guinea, Rwanda",
naja naja,278,45KXG,species,,"Pakistan, India (throughout most of the country, incl. Madhya Pradesh, Assam, Tamil Nadu, Punjab,  [Dino Aulakh, pers. comm.], Maharashtra, Kerala, Gujarat, Jammu and Kashmir), Sri Lanka, Bangladesh, Nepal, Bhutan, E Afghanistan (?)",Pakistan,"Pakistan, India, Sri Lanka, Bangladesh, Nepal, Bhutan, Afghanistan",
naja nivea,279,45KXQ,species,,"C/S Namibia, SW Botswana, W Republic of South Africa, Lesotho",No Valid Country Found,No Valid Country Found,
naja pallida,280,45KXW,species,,"Ethiopia, Somalia, Kenya, Tanzania, Republic of South Sudan (RSS)",Ethiopia,"Ethiopia, Somalia, Kenya, Tanzania",
naja samarensis,281,45KY2,species,,"Philippines (Bohol, Camiguin Sur, Dinagat, Leyte, Mindanao: Agusan del Norte, Bukidnon, Davao del Sur, Lanao, Misamis Occidental, South Cotabato, Zamboanga City; Samar)",Philippines,Philippines,
naja siamensis,282,45KY4,species,,"Thailand, Cambodia, S Vietnam, Laos",Thailand,"Thailand, Cambodia, Vietnam, Laos",
ophiophagus hannah,283,74Q7K,species,,"Bangladesh, Myanmar (= Burma), Cambodia,",Bangladesh,"Bangladesh, Myanmar, Cambodia",
,284,,name not found,,,No Valid Country Found,No Valid Country Found,
hybrid,285,,genus not found,,,No Valid Country Found,No Valid Country Found,hybrid
hybrid,286,,genus not found,,,No Valid Country Found,No Valid Country Found,hybrid
hybrid,287,,genus not found,,,No Valid Country Found,No Valid Country Found,hybrid
hybrid,288,,genus not found,,,No Valid Country Found,No Valid Country Found,hybrid
aspidites melanocephalus,289,5W59Q,species,,"Australia (Northern Territory, Queensland, Western Australia)",Australia,Australia,
leiopython albertisii,290,88HXK,species,,"Papua New Guinea (Bismarck Archipelago, Normanby Island [M. Lagerqvist, pers. comm.]; Milne Bay Province: S end Sewa Bay, 10.03858°S, 150.97345°E, 54 m elevation; Northern Province: SW slope Mt. Trafalgar, 9.2238°S, 149.1561°E, 187 m elevation [Kraus 2013]), Australia (northern islands of Torres Strait), Indonesia (Salawati, Biak, New Guinea: Irian Jaya)",Papua New Guinea,"Papua New Guinea, Australia, Indonesia",
liasis mackloti savuensis,291,7GZNB,subspecies,,"Indonesia (Savu = Sawoe, Samoa, Alor, Roti, Semau = Samao, Timor, Wetar, Irian Jaya), Timor-Leste,",Indonesia,Indonesia,
malayopython reticulatus,292,3XMDC,species,,"Indonesia (Ambon, Anambas Islands, Babi, Bacan = Batjan, Bali ?, Banda Besar, Bangka, Bankak, Belitung, Boano, Borneo, Buru, Butung, Enggano, Flores, Halmahera, Haruku, Java, Kalimantan, Krakatau, Lang, Lombok, Mentawai Archipelago, Natuna Archipelago, Nias, Obira, Riau Archipelago, Saparua, Seram; Simeulue, Sula Archipelago, Sulawesi, Sumatra, Sumba, Sumbawa, Tanimbar, Ternate, Timor, Verlate, We); Timor-Leste,",Indonesia,Indonesia,
morelia spilota,293,6RPMC,species,,"New Guinea,",No Valid Country Found,No Valid Country Found,
morelia viridis,294,44CWG,species,,"Indonesia (Aru I, Irian Jaya), Papua New Guinea, Island of Gag, Australia (NE Cape York Peninsula of Queensland)",Indonesia,"Indonesia, Papua New Guinea, Australia",
python bivittatus,295,4QY48,species,,"SE Nepal, India (Mizoram, Arunachal Pradesh [A. Captain, pers. Comm.], Uttar Pradesh), S Bhutan, Bangladesh, Myanmar, Thailand, Laos, Cambodia, Vietnam (Hoa Binh), S China (S Yunnan east to Fujian, incl. Hainan and Hong Kong; Sichuan, Guangxi, Guangdong), Indonesia (Java, Bali, Sulawesi).",India,"India, Bangladesh, Myanmar, Thailand, Laos, Cambodia, Vietnam, Hong Kong, Indonesia",
python brongersmai,296,78Q68,species,,"Sumatra, Thailand (Grossmann & Tillack 2001), Vietnam, W Malaysia",Vietnam,Vietnam,
python breitensteini,297,4QY4D,species,,"Indonesia (Borneo: Kalimantan), Malaysia (East Malaysia: Sabah, Sarawak); Singapore",Indonesia,"Indonesia, Malaysia, Singapore",
python molurus,298,4QY4N,species,,"Pakistan, India (Assam, Himachal Pradesh, Jammu and Kashmir, Gujarat, Madhya Pradesh, Kerala, Tamil Nadu, Andhra Pradesh, Karnataka, Maharashtra (Mulshi – R.Kulkarni (pers. comm.), around Ghoshalkhamb – near Lonavla, Valvan – S. Choudhary (pers. comm.)) [A. Captain, pers. comm.], Punjab [Dino Aulakh, pers. comm.], Mizoram), Nepal, Bhutan, Myanmar, Vietnam (Yen Bai etc.), Sri Lanka",Pakistan,"Pakistan, India, Nepal, Bhutan, Myanmar, Vietnam, Sri Lanka",
python regius,299,7925W,species,,"Senegal, Gambia, Guinea-Bissau, Guinea (Conakry), Sierra Leone, Ivory Coast, Ghana, Togo, Benin, SW Niger (near the border of Benin), Burkina Faso, Nigeria, Cameroon, Central African Republic, N Democratic Republic of the Congo (Zaire), Mali, Uganda, Republic of South Sudan (RSS) (Owen 1956)",Guinea,"Guinea, Ivory Coast, Ghana, Benin, Benin, Nigeria, Central African Republic, Uganda",
simalia amethistina,300,6YPQ7,species,,"Indonesia (Halmahera, Batjan = Bacan, Ceram = Seram, Ambon, Saparua, Haraku, Timorlaut, Banda, Kai Island, Aru Island, Misool, Salawati, Irian Jaya),",Indonesia,Indonesia,
simalia boeleni,301,6YQ27,species,,"NC Papua New Guinea (Milne Bay Province: Gayari, W slope Mt. Dayman, ca. 1700 m elevation [Kraus 2013]; Mt. Brown [McDowell 1975], Musa Valley)",No Valid Country Found,No Valid Country Found,
simalia nauta,302,6YPQ4,species,,Indonesia (Tanimbar group).,Indonesia,Indonesia,
,303,,name not found,,,No Valid Country Found,No Valid Country Found,
agkistrodon contortrix,304,89FCW,species,,,No Valid Country Found,No Valid Country Found,
bitis gabonica,305,LXL7,species,,"Benin, Nigeria, Chad, Republic of South Sudan (RSS), Central African Republic, Cameroon, Uganda, Equatorial Guinea, Congo (Brazzaville), Democratic Republic of the Congo (Zaire), Angola, Zambia, SW Kenya (Western), W Rwanda (Ruhengeri), Gabon, E Tanzania (Lindi, Mtwara, Piwani, Tanga), E Zimbabwe, Mozambique, Republic of South Africa (Zululand), Malawi, Togo",Benin,"Benin, Nigeria, Chad, Cameroon, Uganda, Equatorial Guinea, Democratic Republic of the Congo, Angola, Zambia, Kenya, Zimbabwe, Mozambique",
cerastes cerastes,306,SJXC,species,,"Egypt, Libya, Tunisia, Algeria, Morocco, Mauritania, Mali, Niger, Israel, Jordan, Sudan (Jumhūriyyat), Western Sahara",Egypt,"Egypt, Libya, Tunisia, Algeria, Morocco, Mauritania, Niger, Israel, Jordan, Sudan",
cerastes vipera,307,SJXV,species,,"Egypt (Sinai), Libya, Tunisia, Algeria, Morocco, Mauritania, Mali, Niger, Western Sahara, N Sudan (Jumhūriyyat),",Egypt,"Egypt, Libya, Tunisia, Algeria, Morocco, Mauritania, Niger, Western Sahara",
crotalus atrox,308,8FRP3,species,,,No Valid Country Found,No Valid Country Found,
trimeresurus albolaris,309,8GQFV,Genus Matched. Species not found,,,No Valid Country Found,No Valid Country Found,trimeresurus albolaris
trimeresurus insularis,310,7D5ML,species,,"Indonesia (Adonara, Alor, Bali, Flores, Komodo, Lombok, Padar, Rinca, Romang, Roti, Sumba, Sumbawa, Timor, Wetar, Java), Timor-Leste",Indonesia,Indonesia,
trimeresurus purpureomaculatus,311,7CTPM,species,,"Bangladesh, Burma, S Thailand,",Bangladesh,Bangladesh,
tropidolaemus laticinctus,312,7CX26,species,,Indonesia (Sulawesi),Indonesia,Indonesia,
tropidolaemus wagleri,313,59BSH,species,,"S Vietnam ? (Minh Hai and Song Be) (Orlov et al., 2003),",Vietnam,Vietnam,
,314,,name not found,,,No Valid Country Found,No Valid Country Found,
erpeton tentaculatum,315,3B9FS,species,,"Thailand, Cambodia, Vietnam",Thailand,"Thailand, Cambodia, Vietnam",
homalopsis buccata,316,3MDTY,species,,Bangladesh; Cambodia; Thailand; Vietnam;,Bangladesh,"Bangladesh, Cambodia, Thailand, Vietnam",
hypsiscopus plumbea,317,6MT3P,species,,"India, Burma (Myanmar), Cambodia,",India,"India, Myanmar, Cambodia",
xenopeltis unicolor,318,7G7VF,species,,"Thailand (incl. Phuket),",Thailand,Thailand,
,319,,name not found,,,No Valid Country Found,No Valid Country Found,
,320,,name not found,,,No Valid Country Found,No Valid Country Found,
,321,,name not found,,,No Valid Country Found,No Valid Country Found,
,322,,name not found,,,No Valid Country Found,No Valid Country Found,
,323,,name not found,,,No Valid Country Found,No Valid Country Found,
,324,,name not found,,,No Valid Country Found,No Valid Country Found,
,325,,name not found,,,No Valid Country Found,No Valid Country Found,
,326,,name not found,,,No Valid Country Found,No Valid Country Found,
,327,,name not found,,,No Valid Country Found,No Valid Country Found,
,328,,name not found,,,No Valid Country Found,No Valid Country Found,
,329,,name not found,,,No Valid Country Found,No Valid Country Found,
,330,,name not found,,,No Valid Country Found,No Valid Country Found,
,331,,name not found,,,No Valid Country Found,No Valid Country Found,
,332,,name not found,,,No Valid Country Found,No Valid Country Found,
,333,,name not found,,,No Valid Country Found,No Valid Country Found,
,334,,name not found,,,No Valid Country Found,No Valid Country Found,
,335,,name not found,,,No Valid Country Found,No Valid Country Found,
,336,,name not found,,,No Valid Country Found,No Valid Country Found,
,337,,name not found,,,No Valid Country Found,No Valid Country Found,
,338,,name not found,,,No Valid Country Found,No Valid Country Found,
,339,,name not found,,,No Valid Country Found,No Valid Country Found,
